{
  "period_baselines": {
    "target_year": 2026,
    "n_hours": 8760,
    "annual": 164039597.92720738,
    "week": 3145964.891754662,
    "month": 13669966.493933948,
    "per_month": {
      "1": 11992812.887120664,
      "2": 10466815.070925366,
      "3": 12530333.392231233,
      "4": 12943918.061449986,
      "5": 13743892.890193347,
      "6": 12840007.802873615,
      "7": 12306328.504786342,
      "8": 11775177.291211115,
      "9": 13372267.801881064,
      "10": 15050496.772205852,
      "11": 16769365.117543835,
      "12": 20248182.33478497
    },
    "per_dow": {
      "0": 25147231.04323117,
      "1": 25778070.49020637,
      "2": 26007776.148710333,
      "3": 26000977.279811703,
      "4": 24135492.526732937,
      "5": 18923580.331488963,
      "6": 18046470.107025903
    }
  },
  "true_factors": {
    "hour": {
      "0": 0.53416570633386,
      "1": 0.4510732631263706,
      "2": 0.4035918670078053,
      "3": 0.39172151797816396,
      "4": 0.4273325650670879,
      "5": 0.53416570633386,
      "6": 0.7359616398377625,
      "7": 1.008979667519513,
      "8": 1.2463866481123398,
      "9": 1.3294790913198293,
      "10": 1.3057383932605466,
      "11": 1.281997695201264,
      "12": 1.3294790913198293,
      "13": 1.365090138408753,
      "14": 1.3057383932605466,
      "15": 1.2463866481123398,
      "16": 1.281997695201264,
      "17": 1.4244418835569597,
      "18": 1.6618488641497864,
      "19": 1.8399040995944065,
      "20": 1.899255844742613,
      "21": 1.721200609297993,
      "22": 1.2463866481123398,
      "23": 0.8309244320748932
    },
    "dow": {
      "0": 1.0889649853169336,
      "1": 1.1095114944738569,
      "2": 1.1197847490523185,
      "3": 1.0992382398953953,
      "4": 1.047871967003087,
      "5": 0.821860366276931,
      "6": 0.7807673479630844
    },
    "month": {
      "1": 0.9065195713103463,
      "2": 0.868842197917849,
      "3": 0.9351465051411993,
      "4": 0.9837434306135066,
      "5": 1.0233882908672312,
      "6": 0.9640685620012365,
      "7": 0.8869430770411375,
      "8": 0.8588080149255913,
      "9": 0.9837434306135066,
      "10": 1.0740510775438266,
      "11": 1.2324337698726011,
      "12": 1.4102945821275232
    }
  },
  "true_relative_lift": 0.05,
  "true_impact": {
    "week": 157298.24458773312,
    "month": 683498.3246966974,
    "year": 8201979.896360369
  }
}